{
  "R_random": -49.02612907552429,
  "R_expert": -47.139328458788334,
  "R_induced_curve": [
    [
      1,
      -63.17740335600988
    ],
    [
      2,
      -58.44083044696252
    ],
    [
      3,
      -64.81632220982185
    ],
    [
      4,
      -55.43867598088879
    ],
    [
      5,
      -62.32809696396363
    ]
  ],
  "data_seed": 0,
  "w_hat_path": "outputs/weights/t2_ilola_seed0.npy"
}