{
  "R_random": -59.82941848722636,
  "R_expert": NaN,
  "R_induced_curve": [
    [
      1,
      -52.20004777711729
    ],
    [
      2,
      -45.34117157369157
    ],
    [
      3,
      -64.7768272754285
    ],
    [
      4,
      -62.75457174584657
    ],
    [
      5,
      -56.69835338025539
    ]
  ]
}