{
  "R_random": -57.38738217198913,
  "R_expert": -94.74429486761754,
  "R_induced_curve": [
    [
      1,
      -123.18773664067706
    ],
    [
      2,
      -91.10863869225147
    ],
    [
      3,
      -89.05017609748613
    ],
    [
      4,
      -86.96322136589124
    ],
    [
      5,
      -90.61764568974782
    ]
  ],
  "data_seed": 4,
  "w_hat_path": "outputs/weights/t2_ilola_seed4.npy"
}