{
  "R_random": -48.26973921008631,
  "R_expert": -137.2068364559639,
  "R_induced_curve": [
    [
      1,
      -115.30784298328626
    ],
    [
      2,
      -108.72107670169899
    ],
    [
      3,
      -146.01908619286615
    ],
    [
      4,
      -99.06729302677664
    ],
    [
      5,
      -103.65517042247
    ]
  ],
  "data_seed": 3,
  "w_hat_path": "outputs/weights/t2_ilola_seed3.npy"
}