{
  "R_random": -50.53879331845237,
  "R_expert": -87.21730509269831,
  "R_induced_curve": [
    [
      1,
      -87.60420990007913
    ],
    [
      2,
      -87.81576413599132
    ],
    [
      3,
      -75.28751605519149
    ],
    [
      4,
      -81.86861458900538
    ],
    [
      5,
      -75.41879942185014
    ]
  ],
  "data_seed": 2,
  "w_hat_path": "outputs/weights/t2_ilola_seed2.npy"
}