{
  "R_random": -55.93880734701552,
  "R_expert": -102.65433975329577,
  "R_induced_curve": [
    [
      1,
      -88.71940935038486
    ],
    [
      2,
      -105.09050923339905
    ],
    [
      3,
      -105.10506398305918
    ],
    [
      4,
      -92.28035538114098
    ],
    [
      5,
      -105.41430868683953
    ]
  ],
  "data_seed": 1,
  "w_hat_path": "outputs/weights/t2_ilola_seed1.npy"
}