{
  "R_random": 33.632881695245345,
  "R_expert": 33.33442552055158,
  "R_induced_curve": [
    [
      1,
      33.17389502893711
    ],
    [
      2,
      34.11240261102324
    ],
    [
      3,
      33.371053272944735
    ],
    [
      4,
      33.71095465660572
    ],
    [
      5,
      33.721105259529715
    ]
  ],
  "data_seed": 0,
  "w_hat_path": "outputs\\weights\\t3_ilola_seed0.npy"
}