{
  "R_random": 33.33143795421866,
  "R_expert": NaN,
  "R_induced_curve": [
    [
      1,
      34.35500763609516
    ],
    [
      2,
      33.257423346497134
    ],
    [
      3,
      32.34403532458227
    ],
    [
      4,
      33.68387405883938
    ],
    [
      5,
      33.3107324994308
    ]
  ]
}