{
  "R_random": 33.76950226555355,
  "R_expert": 33.47050526441046,
  "R_induced_curve": [
    [
      1,
      34.24193524988239
    ],
    [
      2,
      33.84609310463261
    ],
    [
      3,
      33.88301375492962
    ],
    [
      4,
      34.1459455507193
    ],
    [
      5,
      33.84259179298357
    ]
  ],
  "data_seed": 3,
  "w_hat_path": "outputs\\weights\\t3_ilola_seed3.npy"
}