{
  "R_random": 33.36369025732052,
  "R_expert": 33.45763331943262,
  "R_induced_curve": [
    [
      1,
      34.12939939356296
    ],
    [
      2,
      33.95492768415955
    ],
    [
      3,
      34.30949089019889
    ],
    [
      4,
      33.999069028528126
    ],
    [
      5,
      33.342268279526444
    ]
  ],
  "data_seed": 2,
  "w_hat_path": "outputs\\weights\\t3_ilola_seed2.npy"
}