{
  "R_random": 33.57951382154841,
  "R_expert": 34.164846355662306,
  "R_induced_curve": [
    [
      1,
      33.90785258329725
    ],
    [
      2,
      34.02645896556865
    ],
    [
      3,
      33.54529569520473
    ],
    [
      4,
      33.54976576782536
    ],
    [
      5,
      33.275488350948486
    ]
  ],
  "data_seed": 1,
  "w_hat_path": "outputs\\weights\\t3_ilola_seed1.npy"
}