{
  "R_random": 33.890285278030156,
  "R_expert": 33.89562617711493,
  "R_induced_curve": [
    [
      1,
      33.28975851081769
    ],
    [
      2,
      33.8147267184455
    ],
    [
      3,
      33.527275989586016
    ],
    [
      4,
      33.84309873801941
    ],
    [
      5,
      34.03694888380575
    ]
  ],
  "data_seed": 4,
  "w_hat_path": "outputs\\weights\\t3_ilola_seed4.npy"
}