{
  "agent_metrics": [
    {
      "pearson": -0.13437587892283126,
      "spearman": -0.08072749259202953
    },
    {
      "pearson": -0.20328210889605325,
      "spearman": -0.19038529928662556
    }
  ],
  "mean_metrics": {
    "pearson": -0.16882899390944225,
    "spearman": -0.13555639593932756
  },
  "trend_stages": [
    1,
    2,
    3,
    4
  ],
  "trend_pearson": [
    -0.2510147702139674,
    -0.3044684590257621,
    -0.40957033691226796,
    -0.3740872064120816
  ],
  "trend_spearman": [
    -0.16130064031620583,
    -0.2755877940852508,
    -0.36308364839562385,
    -0.3097924717471163
  ]
}