{
  "agents": [
    {
      "pearson": 0.09524501875698871,
      "spearman": 0.06081944863884032
    },
    {
      "pearson": 0.13531177986222295,
      "spearman": 0.12102532591081841
    }
  ],
  "mean": {
    "pearson": 0.11527839930960583,
    "spearman": 0.09092238727482936
  },
  "trend": {
    "stages": [
      1,
      2,
      3,
      4
    ],
    "pearson": [
      0.2510147702139674,
      0.3044684590257621,
      0.40957033691226796,
      0.3740872064120816
    ],
    "spearman": [
      0.16130064031620583,
      0.2755877940852508,
      0.36308364839562385,
      0.3097924717471163
    ],
    "figure": "reward_trend.png"
  },
  "heatmaps": {
    "agent_0": "agent_0",
    "agent_1": "agent_1"
  }
}