{
  "agent_metrics": [
    {
      "pearson": -0.1992378033293942,
      "spearman": -0.16749031508094683
    },
    {
      "pearson": -0.22705040683285782,
      "spearman": -0.21793407418200467
    }
  ],
  "mean_metrics": {
    "pearson": -0.21314410508112602,
    "spearman": -0.19271219463147576
  },
  "trend_stages": [
    1,
    2,
    3,
    4
  ],
  "trend_pearson": [
    -0.2510147702139674,
    -0.3044684590257621,
    -0.40957033691226796,
    -0.3740872064120816
  ],
  "trend_spearman": [
    -0.16130064031620583,
    -0.2755877940852508,
    -0.36308364839562385,
    -0.3097924717471163
  ]
}