{
  "agent_metrics": [
    {
      "pearson": -0.2173543520175242,
      "spearman": -0.19080788817160624
    },
    {
      "pearson": -0.0811833641699177,
      "spearman": -0.06514933094698669
    }
  ],
  "mean_metrics": {
    "pearson": -0.14926885809372095,
    "spearman": -0.12797860955929646
  },
  "trend_stages": [
    1,
    2,
    3,
    4
  ],
  "trend_pearson": [
    -0.4033766217196745,
    -0.6917326281079155,
    -0.5594798560564552,
    -0.5787087640564803
  ],
  "trend_spearman": [
    -0.4059363510496402,
    -0.6826152332698012,
    -0.6807954226345565,
    -0.5968026906936129
  ]
}