{
  "agents": [
    {
      "pearson": 0.23706522923587328,
      "spearman": 0.22699007945366093
    },
    {
      "pearson": 0.0009786693326695125,
      "spearman": 0.019429096570476426
    }
  ],
  "mean": {
    "pearson": 0.1190219492842714,
    "spearman": 0.12320958801206867
  },
  "trend": {
    "stages": [
      1,
      2,
      3,
      4
    ],
    "pearson": [
      0.4033766217196745,
      0.6917326281079155,
      0.5594798560564552,
      0.5787087640564803
    ],
    "spearman": [
      0.4059363510496402,
      0.6826152332698012,
      0.6807954226345565,
      0.5968026906936129
    ],
    "figure": "reward_trend.png"
  },
  "heatmaps": {
    "agent_0": "agent_0",
    "agent_1": "agent_1"
  }
}