{
  "agents": [
    {
      "pearson": -0.21768423057384553,
      "spearman": -0.19117994243953687
    },
    {
      "pearson": -0.08492197363229229,
      "spearman": -0.06734701610733042
    }
  ],
  "mean": {
    "pearson": -0.1513031021030689,
    "spearman": -0.12926347927343365
  },
  "trend": {
    "stages": [
      1,
      2,
      3,
      4
    ],
    "pearson": [
      -0.4033766217196745,
      -0.6917326281079155,
      -0.5594798560564552,
      -0.5787087640564803
    ],
    "spearman": [
      -0.4059363510496402,
      -0.6826152332698012,
      -0.6807954226345565,
      -0.5968026906936129
    ],
    "figure": "reward_trend_bare.png"
  },
  "heatmaps": {
    "agent_0_bare": "agent_0_bare",
    "agent_1_bare": "agent_1_bare"
  }
}