{
  "homogeneous": {
    "reward_family": "homogeneous",
    "evaluation": {
      "agents": [
        {
          "pearson": -0.13437587892283126,
          "spearman": -0.08072749259202953
        },
        {
          "pearson": -0.20328210889605325,
          "spearman": -0.19038529928662556
        }
      ],
      "mean": {
        "pearson": -0.16882899390944225,
        "spearman": -0.13555639593932756
      },
      "trend_stages": [
        1,
        2,
        3,
        4
      ],
      "trend_pearson": [
        -0.2510147702139674,
        -0.3044684590257621,
        -0.40957033691226796,
        -0.3740872064120816
      ],
      "trend_spearman": [
        -0.16130064031620583,
        -0.2755877940852508,
        -0.36308364839562385,
        -0.3097924717471163
      ]
    },
    "evaluation_modes": {
      "bare": {
        "agent_metrics": [
          {
            "pearson": -0.13437587892283126,
            "spearman": -0.08072749259202953
          },
          {
            "pearson": -0.20328210889605325,
            "spearman": -0.19038529928662556
          }
        ],
        "mean_metrics": {
          "pearson": -0.16882899390944225,
          "spearman": -0.13555639593932756
        },
        "trend_stages": [
          1,
          2,
          3,
          4
        ],
        "trend_pearson": [
          -0.2510147702139674,
          -0.3044684590257621,
          -0.40957033691226796,
          -0.3740872064120816
        ],
        "trend_spearman": [
          -0.16130064031620583,
          -0.2755877940852508,
          -0.36308364839562385,
          -0.3097924717471163
        ]
      },
      "shaped": {
        "agent_metrics": [
          {
            "pearson": -0.1992378033293942,
            "spearman": -0.16749031508094683
          },
          {
            "pearson": -0.22705040683285782,
            "spearman": -0.21793407418200467
          }
        ],
        "mean_metrics": {
          "pearson": -0.21314410508112602,
          "spearman": -0.19271219463147576
        },
        "trend_stages": [
          1,
          2,
          3,
          4
        ],
        "trend_pearson": [
          -0.2510147702139674,
          -0.3044684590257621,
          -0.40957033691226796,
          -0.3740872064120816
        ],
        "trend_spearman": [
          -0.16130064031620583,
          -0.2755877940852508,
          -0.36308364839562385,
          -0.3097924717471163
        ]
      }
    },
    "alignment_summary": {
      "agents": [
        {
          "agent_id": 0,
          "overall": {
            "pearson": 0.8216584748974993,
            "spearman": 0.7733939841965274
          },
          "stages": [
            {
              "stage": 0,
              "pearson": NaN,
              "spearman": NaN
            },
            {
              "stage": 1,
              "pearson": 0.8649217651314574,
              "spearman": 0.7201210013715899
            },
            {
              "stage": 2,
              "pearson": 0.8099573677142703,
              "spearman": 0.7079404852186589
            },
            {
              "stage": 3,
              "pearson": 0.836995110432703,
              "spearman": 0.8400525006419585
            },
            {
              "stage": 4,
              "pearson": 0.8037949679454863,
              "spearman": 0.8116650323593313
            }
          ]
        },
        {
          "agent_id": 1,
          "overall": {
            "pearson": 0.8428318584739203,
            "spearman": 0.8042808260437636
          },
          "stages": [
            {
              "stage": 0,
              "pearson": NaN,
              "spearman": NaN
            },
            {
              "stage": 1,
              "pearson": 0.8238283270778926,
              "spearman": 0.7603135709216432
            },
            {
              "stage": 2,
              "pearson": 0.863437116819775,
              "spearman": 0.8297517546360267
            },
            {
              "stage": 3,
              "pearson": 0.8524658909776484,
              "spearman": 0.8229228735055593
            },
            {
              "stage": 4,
              "pearson": 0.8442674481638057,
              "spearman": 0.8207117599950713
            }
          ]
        }
      ]
    },
    "predicted_rewards": null,
    "reward_artifacts": [
      "ma_lfl\\reward_learning\\agent_0\\rewards.pt",
      "ma_lfl\\reward_learning\\agent_1\\rewards.pt"
    ],
    "predicted_rewards_shape": [
      [
        81,
        5,
        5
      ],
      [
        81,
        5,
        5
      ]
    ]
  },
  "heterogeneous": {
    "reward_family": "heterogeneous",
    "evaluation": {
      "agents": [
        {
          "pearson": -0.21768423057384553,
          "spearman": -0.19117994243953687
        },
        {
          "pearson": -0.08492197363229229,
          "spearman": -0.06734701610733042
        }
      ],
      "mean": {
        "pearson": -0.1513031021030689,
        "spearman": -0.12926347927343365
      },
      "trend_stages": [
        1,
        2,
        3,
        4
      ],
      "trend_pearson": [
        -0.4033766217196745,
        -0.6917326281079155,
        -0.5594798560564552,
        -0.5787087640564803
      ],
      "trend_spearman": [
        -0.4059363510496402,
        -0.6826152332698012,
        -0.6807954226345565,
        -0.5968026906936129
      ]
    },
    "evaluation_modes": {
      "bare": {
        "agent_metrics": [
          {
            "pearson": -0.21768423057384553,
            "spearman": -0.19117994243953687
          },
          {
            "pearson": -0.08492197363229229,
            "spearman": -0.06734701610733042
          }
        ],
        "mean_metrics": {
          "pearson": -0.1513031021030689,
          "spearman": -0.12926347927343365
        },
        "trend_stages": [
          1,
          2,
          3,
          4
        ],
        "trend_pearson": [
          -0.4033766217196745,
          -0.6917326281079155,
          -0.5594798560564552,
          -0.5787087640564803
        ],
        "trend_spearman": [
          -0.4059363510496402,
          -0.6826152332698012,
          -0.6807954226345565,
          -0.5968026906936129
        ]
      },
      "shaped": {
        "agent_metrics": [
          {
            "pearson": -0.2173543520175242,
            "spearman": -0.19080788817160624
          },
          {
            "pearson": -0.0811833641699177,
            "spearman": -0.06514933094698669
          }
        ],
        "mean_metrics": {
          "pearson": -0.14926885809372095,
          "spearman": -0.12797860955929646
        },
        "trend_stages": [
          1,
          2,
          3,
          4
        ],
        "trend_pearson": [
          -0.4033766217196745,
          -0.6917326281079155,
          -0.5594798560564552,
          -0.5787087640564803
        ],
        "trend_spearman": [
          -0.4059363510496402,
          -0.6826152332698012,
          -0.6807954226345565,
          -0.5968026906936129
        ]
      }
    },
    "alignment_summary": {
      "agents": [
        {
          "agent_id": 0,
          "overall": {
            "pearson": 0.8935161607825166,
            "spearman": 0.7673163787166916
          },
          "stages": [
            {
              "stage": 0,
              "pearson": NaN,
              "spearman": NaN
            },
            {
              "stage": 1,
              "pearson": 0.8856842207169985,
              "spearman": 0.8377528200084315
            },
            {
              "stage": 2,
              "pearson": 0.8799628994955713,
              "spearman": 0.7002173083783547
            },
            {
              "stage": 3,
              "pearson": 0.9169450886480427,
              "spearman": 0.8461729840648337
            },
            {
              "stage": 4,